{
	"root": {
		"params": {
			"harris_patch_size": 9,
			"harris_kappa": 0.08,
			"num_keypoints": 800,
			"nonmaximum_supression_radius": 6,
			"descriptor_radius": 13,
			"match_lambda": 8,
			"triangulation_angle_threshold": 3,
			"surpress_existing_matches": 0,
			"candidate_cap": 600,
			"add_candidate_each_frame": 130,
			"eWCP_confidence": 99,
			"eWCP_max_repr_error": 1,
			"triangulate_max_repr_error": 200000000
		},
		"env_params": {
			"plot_pipeline": 0,
			"max_frames": 500,
			"console_log_durations": 0,
			"console_log_framenumber": 0,
			"csv_durations": 1,
			"csv_errors": 1,
			"csv_file_identifier": "sim\task75"
		}
	}
}
